{"cameraMode":{"drawMode":0,"name":"Shaded","section":"Shading Mode"},"sceneLighting":true,"audioPlay":false,"sceneViewState":{"showFog":true,"showMaterialUpdate":false,"showSkybox":true,"showFlares":true,"showImageEffects":true,"showParticleSystems":true},"in2DMode":false,"pivot":{"x":-1.5289387702941895,"y":-1.3150724172592164,"z":10.222068786621094},"rotation":{"x":0.23882082104682923,"y":-0.4018768072128296,"z":0.10941197723150253,"w":0.8772050142288208},"size":50.28982162475586,"orthographic":false}